"stf","etf","countallrows","stfe","etfe","duration","tps","minstarttime","maxendtime","avglatency","maxlatency","minlatency","stddevlatency","variancelatency","maxinvalidcounter","maxexististingcounter","maxerrorcounter","maxvalidcounter","cumulativecount","run_id","cid"
"2022-07-19 11:35:59+02","2022-07-19 11:40:13+02",76234,1658223359,1658223613,254,300.13385826771656,9164331374210240.0,9164585029502114.0,17.869509667602426,25.74,2.73,5.573920202762325,31.068586426762003,28499,0,0,76234,1,"4000000-fabricConfiguration-sb-sendPayment-40-flalv-rn-1-hetzner-repid-4-fabric-rl-400-mm-2000","client-20000000-1-25-49-1-6400-12799"
"2022-07-19 23:17:52+02","2022-07-19 23:23:12+02",17480,1658265472,1658265792,320,54.625,9206443918391142.0,9206764299287328.0,17.45997482837525,25.37,6.99,4.15632306622072,17.27502143079841,0,0,0,17480,1,"4000000-quorumConfiguration-sb-createAccount-40-flalv-rn-1-hetzner-repid-7-quorum-rl-400-ib-5","client-20000000-1-25-49-1-6400-12799"
"2022-07-19 23:28:11+02","2022-07-19 23:28:19+02",224,1658266091,1658266099,8,28,9207058390246552.0,9207065956530784.0,7.163794642857142,7.45,6.7,0.15124112179511512,0.02287387692184484,19382,0,0,224,1,"4000000-quorumConfiguration-sb-sendPayment-40-flalv-rn-1-hetzner-repid-7-quorum-rl-400-ib-5","client-10000000-0-0-24-0-0-6399"
"2022-07-19 10:53:24+02","2022-07-19 10:58:33+02",30039,1658220804,1658221113,309,97.2135922330097,9161770516446744.0,9162080073030052.0,1.2470361862911503,10.52,0.55,0.4859694336282709,0.23616629042098236,74,0,0,30039,1,"4000000-fabricConfiguration-sb-sendPayment-40-flalv-rn-1-hetzner-repid-4-fabric-rl-100-mm-500","client-10000000-0-0-24-0-0-6399"
"2022-07-24 14:01:44+02","2022-07-24 14:07:15+02",1400,1658664104,1658664435,331,4.229607250755287,9605071257576974.0,9605401829291180.0,208.40091428571577,325.07,107.64,67.95002504958029,4617.205904238589,60233,0,0,1400,1,"4000000-sawtoothConfiguration-sb-createAccount-40-flalv-rn-1-hetzner-repid-7-sawtooth-rl-200-notpbpc-100-nobpc-1-maxbtperbl-100000-notppc-100-cpbftbpd-10","client-10000000-0-0-24-0-0-6399"
"2022-07-19 10:31:05+02","2022-07-19 10:36:05+02",15039,1658219465,1658219765,300,50.13,9160437062978452.0,9160737161496384.0,0.37304741006715897,0.64,0.11,0.1441636286601992,0.0207831518284758,26,0,0,15039,1,"4000000-fabricConfiguration-sb-balance-40-flalv-rn-1-hetzner-repid-4-fabric-rl-50-mm-100","client-40000000-3-75-99-3-19200-25599"
"2022-07-19 10:53:24+02","2022-07-19 10:58:33+02",30038,1658220804,1658221113,309,97.21035598705501,9161775502090548.0,9162085053339756.0,1.2505060257007716,10.52,0.54,0.47995667329820274,0.2303584082434777,76,0,0,30038,1,"4000000-fabricConfiguration-sb-sendPayment-40-flalv-rn-1-hetzner-repid-4-fabric-rl-100-mm-500","client-20000000-1-25-49-1-6400-12799"
"2022-07-18 19:44:30+02","2022-07-18 19:48:06+02",8300,1658166270,1658166486,216,38.425925925925924,9107237218698662.0,9107453131150580.0,12.57179036144581,24.91,3.58,5.133099029894945,26.34870565070842,8399,0,0,8300,1,"4000000-grapheneConfiguration-sb-balance-40-flalv-rn-1-hetzner-repid-4-graphene-rl-50-bi-5-opt-100-notpc-1","client-10000000-0-0-24-0-0-6399"
"2022-07-19 11:49:58+02","2022-07-19 11:55:28+02",112754,1658224198,1658224528,330,341.6787878787879,9165169808718800.0,9165499860767726.0,44.52245844936776,68.76,3.12,19.435993894051073,377.7578586495906,7613,0,0,112754,1,"4000000-fabricConfiguration-sb-balance-40-flalv-rn-1-hetzner-repid-4-fabric-rl-400-mm-2000","client-40000000-3-75-99-3-19200-25599"
"2022-07-19 19:26:24+02","2022-07-19 19:29:39+02",14675,1658251584,1658251779,195,75.25641025641026,9192550701101704.0,9192746137839672.0,21.85930153321981,33.99,8.07,5.538806899383638,30.678381868659784,12793,0,0,14675,1,"4000000-quorumConfiguration-keyvalue-get-40-flalv-rn-1-hetzner-repid-4-quorum-rl-100-ib-10","client-30000000-2-50-74-2-12800-19199"
"2022-07-23 19:29:17+02","2022-07-23 19:34:23+02",1600,1658597357,1658597663,306,5.228758169934641,9538329171247232.0,9538634869608872.0,218.34883749999955,302.95,144.38,51.21008721232353,2622.473032293782,120069,0,0,1600,1,"4000000-sawtoothConfiguration-keyvalue-set-40-flalv-rn-1-hetzner-repid-10-sawtooth-rl-400-notpbpc-100-nobpc-1-maxbtperbl-100000-notppc-100-cpbftbpd-2","client-20000000-1-25-49-1-6400-12799"
"2022-07-23 18:34:55+02","2022-07-23 18:40:22+02",1800,1658594095,1658594422,327,5.504587155963303,9535067010708200.0,9535393679680966.0,236.1765777777738,323.42,150.49,60.85807357760394,3703.7051195770546,119839,0,0,1800,1,"4000000-sawtoothConfiguration-keyvalue-set-40-flalv-rn-1-hetzner-repid-9-sawtooth-rl-400-notpbpc-100-nobpc-1-maxbtperbl-100000-notppc-100-cpbftbpd-2","client-20000000-1-25-49-1-6400-12799"
"2022-07-23 18:34:55+02","2022-07-23 18:40:22+02",1800,1658594095,1658594422,327,5.504587155963303,9535062071518884.0,9535388919020076.0,232.65978888888847,323.6,140.57,60.3593329725158,3643.2490768870334,119867,0,0,1800,1,"4000000-sawtoothConfiguration-keyvalue-set-40-flalv-rn-1-hetzner-repid-9-sawtooth-rl-400-notpbpc-100-nobpc-1-maxbtperbl-100000-notppc-100-cpbftbpd-2","client-30000000-2-50-74-2-12800-19199"
"2022-07-19 23:28:11+02","2022-07-19 23:28:33+02",418,1658266091,1658266113,22,19,9207063395151344.0,9207084577874592.0,20.48667464114834,21.07,20.01,0.2938599388687293,0.08635366367193331,19366,0,0,418,1,"4000000-quorumConfiguration-sb-sendPayment-40-flalv-rn-1-hetzner-repid-7-quorum-rl-400-ib-5","client-20000000-1-25-49-1-6400-12799"
"2022-07-24 11:10:18+02","2022-07-24 11:15:32+02",1300,1658653818,1658654132,314,4.140127388535032,9594785192899752.0,9595098836259204.0,195.37432307692532,308.64,109.87,61.813787069130335,3820.944271827784,60335,0,0,1300,1,"4000000-sawtoothConfiguration-sb-createAccount-40-flalv-rn-1-hetzner-repid-5-sawtooth-rl-200-notpbpc-100-nobpc-1-maxbtperbl-100000-notppc-100-cpbftbpd-10","client-30000000-2-50-74-2-12800-19199"
"2022-07-19 12:19:40+02","2022-07-19 12:24:50+02",30047,1658225980,1658226290,310,96.9258064516129,9166947375307148.0,9167256898519732.0,4.525370586081818,10.51,1.85,1.4509005534195223,2.105112415913076,67,0,0,30047,1,"4000000-fabricConfiguration-sb-sendPayment-40-flalv-rn-1-hetzner-repid-4-fabric-rl-100-mm-2000","client-10000000-0-0-24-0-0-6399"
"2022-07-23 13:47:14+02","2022-07-23 13:52:43+02",2500,1658576834,1658577163,329,7.598784194528875,9517805722699084.0,9518135139762058.0,195.41846400000128,318.41,89.63,67.49990301625309,4556.236907203572,59176,0,0,2500,1,"4000000-sawtoothConfiguration-keyvalue-set-40-flalv-rn-1-hetzner-repid-4-sawtooth-rl-200-notpbpc-100-nobpc-1-maxbtperbl-100000-notppc-100-cpbftbpd-5","client-20000000-1-25-49-1-6400-12799"
"2022-07-19 12:27:38+02","2022-07-19 12:32:47+02",30048,1658226458,1658226767,309,97.24271844660194,9167429594479724.0,9167739054691536.0,4.074020899893534,10.43,1.36,1.449381258920408,2.1007060337097068,66,0,0,30048,1,"4000000-fabricConfiguration-sb-balance-40-flalv-rn-1-hetzner-repid-4-fabric-rl-100-mm-2000","client-40000000-3-75-99-3-19200-25599"
"2022-07-19 12:19:40+02","2022-07-19 12:24:50+02",30047,1658225980,1658226290,310,96.9258064516129,9166952371584112.0,9167261887889840.0,4.511675708057357,10.51,1.86,1.4513373997420067,2.1063802478898896,66,0,0,30047,1,"4000000-fabricConfiguration-sb-sendPayment-40-flalv-rn-1-hetzner-repid-4-fabric-rl-100-mm-2000","client-40000000-3-75-99-3-19200-25599"
"2022-07-19 21:48:02+02","2022-07-19 21:53:19+02",18256,1658260082,1658260399,317,57.58990536277602,9201049133165978.0,9201365949505940.0,15.032377848378651,22.86,7.17,4.049020069238443,16.394563521095684,0,0,0,18256,1,"4000000-quorumConfiguration-sb-createAccount-40-flalv-rn-1-hetzner-repid-5-quorum-rl-400-ib-5","client-30000000-2-50-74-2-12800-19199"
"2022-07-23 15:54:48+02","2022-07-23 16:00:11+02",1600,1658584488,1658584811,323,4.953560371517028,9525459819521542.0,9525782721546140.0,235.04360000000088,320.37,152.3,61.535147750455664,3786.5744086704085,120009,0,0,1600,1,"4000000-sawtoothConfiguration-keyvalue-set-40-flalv-rn-1-hetzner-repid-7-sawtooth-rl-400-notpbpc-100-nobpc-1-maxbtperbl-100000-notppc-100-cpbftbpd-2","client-20000000-1-25-49-1-6400-12799"
"2022-07-23 13:07:26+02","2022-07-23 13:12:13+02",3700,1658574446,1658574733,287,12.89198606271777,9515413285953244.0,9515699550301368.0,166.44171891892108,269.26,7,65.75681092839946,4323.958183473274,57964,0,0,3700,1,"4000000-sawtoothConfiguration-donothing-doNothing-40-flalv-rn-1-hetzner-repid-4-sawtooth-rl-200-notpbpc-100-nobpc-1-maxbtperbl-100000-notppc-100-cpbftbpd-10","client-10000000-0-0-24-0-0-6399"
"2022-07-19 11:01:05+02","2022-07-19 11:06:15+02",30040,1658221265,1658221575,310,96.90322580645162,9162232296169706.0,9162541817917968.0,1.1638944740346164,10.48,0.46,0.4873277965467204,0.23748838128708175,75,0,0,30040,1,"4000000-fabricConfiguration-sb-balance-40-flalv-rn-1-hetzner-repid-4-fabric-rl-100-mm-500","client-10000000-0-0-24-0-0-6399"
"2022-07-18 22:31:48+02","2022-07-18 22:33:07+02",10000,1658176308,1658176387,79,126.58227848101266,9117274947510896.0,9117353535356224.0,49.25443000000075,76.13,11.52,15.20517982808687,231.19749360445985,26599,0,0,10000,1,"4000000-grapheneConfiguration-sb-balance-40-flalv-rn-1-hetzner-repid-4-graphene-rl-400-bi-10-opt-100-notpc-1","client-10000000-0-0-24-0-0-6399"
"2022-07-23 15:33:06+02","2022-07-23 15:38:37+02",2200,1658583186,1658583517,331,6.646525679758308,9524153217611264.0,9524484160069824.0,227.94440909090787,326.69,133.69,66.50705340373607,4423.1881524474,119545,0,0,2200,1,"4000000-sawtoothConfiguration-keyvalue-set-40-flalv-rn-1-hetzner-repid-6-sawtooth-rl-400-notpbpc-100-nobpc-1-maxbtperbl-100000-notppc-100-cpbftbpd-2","client-30000000-2-50-74-2-12800-19199"
"2022-07-18 16:16:01+02","2022-07-18 16:21:03+02",3026,1658153761,1658154063,302,10.019867549668874,9094732947701108.0,9095034637214926.0,0.37835095836087557,5.45,0.14,0.6610339687655172,0.4369659078618908,0,0,0,3026,1,"4000000-cordaConfiguration-sb-createAccount-40-flalv-rn-1-hetzner-repid-4-cordaenterprise-rl-10","client-40000000-3-75-99-3-19200-25599"
"2022-07-23 14:48:33+02","2022-07-23 14:54:03+02",1600,1658580513,1658580843,330,4.848484848484849,9521484972427068.0,9521815225210754.0,236.98105624999778,327.74,161.04,59.14934238444416,3498.6447045122027,120095,0,0,1600,1,"4000000-sawtoothConfiguration-keyvalue-set-40-flalv-rn-1-hetzner-repid-5-sawtooth-rl-400-notpbpc-100-nobpc-1-maxbtperbl-100000-notppc-100-cpbftbpd-2","client-20000000-1-25-49-1-6400-12799"
"2022-07-23 18:34:55+02","2022-07-23 18:40:22+02",1600,1658594095,1658594422,327,4.892966360856269,9535062030504632.0,9535389128510850.0,231.6400500000022,324.58,108.71,65.43502312240282,4281.742251029393,120022,0,0,1600,1,"4000000-sawtoothConfiguration-keyvalue-set-40-flalv-rn-1-hetzner-repid-9-sawtooth-rl-400-notpbpc-100-nobpc-1-maxbtperbl-100000-notppc-100-cpbftbpd-2","client-10000000-0-0-24-0-0-6399"
"2022-07-23 15:33:06+02","2022-07-23 15:38:29+02",1900,1658583186,1658583509,323,5.882352941176471,9524158351775266.0,9524480701663332.0,228.5807315789466,318.85,133.76,62.69517164583276,3930.684547700432,119784,0,0,1900,1,"4000000-sawtoothConfiguration-keyvalue-set-40-flalv-rn-1-hetzner-repid-6-sawtooth-rl-400-notpbpc-100-nobpc-1-maxbtperbl-100000-notppc-100-cpbftbpd-2","client-20000000-1-25-49-1-6400-12799"
"2022-07-19 12:27:38+02","2022-07-19 12:32:47+02",30051,1658226458,1658226767,309,97.25242718446601,9167424609117898.0,9167734087243232.0,4.299447605736913,10.42,1.49,1.4478558871282798,2.096286669892018,63,0,0,30051,1,"4000000-fabricConfiguration-sb-balance-40-flalv-rn-1-hetzner-repid-4-fabric-rl-100-mm-2000","client-30000000-2-50-74-2-12800-19199"
"2022-07-19 11:01:05+02","2022-07-19 11:06:15+02",30039,1658221265,1658221575,310,96.9,9162237285692410.0,9162546813773882.0,1.174745164619335,10.48,0.45,0.48400787206637735,0.23426362022222272,76,0,0,30039,1,"4000000-fabricConfiguration-sb-balance-40-flalv-rn-1-hetzner-repid-4-fabric-rl-100-mm-500","client-20000000-1-25-49-1-6400-12799"
"2022-07-24 10:38:09+02","2022-07-24 10:43:27+02",2200,1658651889,1658652207,318,6.918238993710692,9592860919203970.0,9593179049510134.0,199.44921818181854,308.63,89.13,73.6178461198673,5419.587267328459,59467,0,0,2200,1,"4000000-sawtoothConfiguration-sb-createAccount-40-flalv-rn-1-hetzner-repid-4-sawtooth-rl-200-notpbpc-100-nobpc-1-maxbtperbl-100000-notppc-100-cpbftbpd-10","client-40000000-3-75-99-3-19200-25599"
"2022-07-19 10:53:24+02","2022-07-19 10:58:33+02",30037,1658220804,1658221113,309,97.20711974110033,9161775511213384.0,9162085067284472.0,1.2464573692445984,10.53,0.54,0.4859107872201923,0.23610929313694703,74,0,0,30037,1,"4000000-fabricConfiguration-sb-sendPayment-40-flalv-rn-1-hetzner-repid-4-fabric-rl-100-mm-500","client-40000000-3-75-99-3-19200-25599"
"2022-07-19 11:24:56+02","2022-07-19 11:30:26+02",73382,1658222696,1658223026,330,222.36969696969697,9163667869482724.0,9163998158036856.0,40.25874056308059,72.17,3.17,19.241880821179155,370.2499775364622,6836,0,0,73382,1,"4000000-fabricConfiguration-sb-createAccount-40-flalv-rn-1-hetzner-repid-4-fabric-rl-400-mm-2000","client-20000000-1-25-49-1-6400-12799"
"2022-07-18 17:34:01+02","2022-07-18 17:39:03+02",3026,1658158441,1658158743,302,10.019867549668874,9099407760565120.0,9099709454771300.0,0.3717812293456726,4.12,0.14,0.572158591888944,0.32736545427233926,0,0,0,3026,1,"4000000-cordaConfiguration-sb-createAccount-40-flalv-rn-1-hetzner-repid-5-cordaenterprise-rl-10","client-30000000-2-50-74-2-12800-19199"
"2022-07-23 13:47:14+02","2022-07-23 13:52:43+02",2500,1658576834,1658577163,329,7.598784194528875,9517800493275696.0,9518130407619410.0,190.20823600000222,318.93,5.44,79.49642198395868,6319.681108251629,59197,0,0,2500,1,"4000000-sawtoothConfiguration-keyvalue-set-40-flalv-rn-1-hetzner-repid-4-sawtooth-rl-200-notpbpc-100-nobpc-1-maxbtperbl-100000-notppc-100-cpbftbpd-5","client-10000000-0-0-24-0-0-6399"
"2022-07-18 19:33:28+02","2022-07-18 19:36:57+02",9499,1658165608,1658165817,209,45.44976076555024,9106574873722540.0,9106783545280612.0,14.317240762185243,46.53,1.72,9.71748793466759,94.42957176041018,6401,0,0,9499,1,"4000000-grapheneConfiguration-sb-sendPayment-40-flalv-rn-1-hetzner-repid-4-graphene-rl-50-bi-5-opt-100-notpc-1","client-10000000-0-0-24-0-0-6399"
"2022-07-18 21:33:53+02","2022-07-18 21:35:10+02",7600,1658172833,1658172910,77,98.7012987012987,9113799453065262.0,9113876533520112.0,13.241639473683815,29.83,2.5,5.841924115814804,34.12807737493858,21200,0,0,7600,1,"4000000-grapheneConfiguration-sb-balance-40-flalv-rn-1-hetzner-repid-4-graphene-rl-400-bi-2-opt-100-notpc-1","client-10000000-0-0-24-0-0-6399"
"2022-07-19 11:49:58+02","2022-07-19 11:55:17+02",63042,1658224198,1658224517,319,197.62382445141066,9165169821746008.0,9165488890384294.0,2.9585922083690006,28.86,1.47,1.0177386377399142,1.0357919347486966,5023,0,0,63042,1,"4000000-fabricConfiguration-sb-balance-40-flalv-rn-1-hetzner-repid-4-fabric-rl-400-mm-2000","client-20000000-1-25-49-1-6400-12799"
"2022-07-19 10:16:29+02","2022-07-19 10:21:39+02",15036,1658218589,1658218899,310,48.50322580645161,9159561038653916.0,9159871207028328.0,0.3905759510508125,10.11,0.13,0.3091456857576065,0.09557105502254076,0,0,0,15036,1,"4000000-fabricConfiguration-sb-createAccount-40-flalv-rn-1-hetzner-repid-4-fabric-rl-50-mm-100","client-20000000-1-25-49-1-6400-12799"
"2022-07-19 10:23:24+02","2022-07-19 10:28:24+02",15038,1658219004,1658219304,300,50.126666666666665,9159970609245760.0,9160270742494484.0,0.39271911158398604,0.65,0.13,0.14382751716406,0.020686354693577973,27,0,0,15038,1,"4000000-fabricConfiguration-sb-sendPayment-40-flalv-rn-1-hetzner-repid-4-fabric-rl-50-mm-100","client-10000000-0-0-24-0-0-6399"
"2022-07-23 16:15:42+02","2022-07-23 16:20:52+02",1100,1658585742,1658586052,310,3.5483870967741935,9526708813608400.0,9527018726553608.0,244.14357272727247,308.65,183.29,45.32380514969661,2054.2473132476653,120455,0,0,1100,1,"4000000-sawtoothConfiguration-keyvalue-set-40-flalv-rn-1-hetzner-repid-8-sawtooth-rl-400-notpbpc-100-nobpc-1-maxbtperbl-100000-notppc-100-cpbftbpd-2","client-10000000-0-0-24-0-0-6399"
"2022-07-19 21:00:11+02","2022-07-19 21:05:28+02",17758,1658257211,1658257528,317,56.018927444794954,9198178201014330.0,9198494601978508.0,15.528861921387556,23.46,7.69,4.087987932936425,16.711645339833826,0,0,0,17758,1,"4000000-quorumConfiguration-sb-createAccount-40-flalv-rn-1-hetzner-repid-4-quorum-rl-400-ib-5","client-30000000-2-50-74-2-12800-19199"
"2022-07-18 20:40:25+02","2022-07-18 20:40:50+02",10000,1658169625,1658169650,25,400,9110591775711254.0,9110616673030520.0,1.3064830000000622,2.33,0.32,0.5798201099021882,0.3361913598469856,11198,0,0,10000,1,"4000000-grapheneConfiguration-sb-createAccount-40-flalv-rn-1-hetzner-repid-4-graphene-rl-400-bi-2-opt-100-notpc-1","client-10000000-0-0-24-0-0-6399"
"2022-07-19 18:00:35+02","2022-07-19 18:05:52+02",30112,1658246435,1658246752,317,94.99053627760253,9187407414020580.0,9187724348458864.0,15.469409537725912,25.69,3.83,4.8129748500447125,23.164726907162926,0,0,0,30112,1,"4000000-quorumConfiguration-donothing-doNothing-40-flalv-rn-1-hetzner-repid-4-quorum-rl-100-ib-10","client-40000000-3-75-99-3-19200-25599"
"2022-07-19 23:28:11+02","2022-07-19 23:28:19+02",243,1658266091,1658266099,8,30.375,9207058391403940.0,9207066206295176.0,7.401481481481482,7.71,7.2,0.12873296511981683,0.01657217630853998,19114,0,0,243,1,"4000000-quorumConfiguration-sb-sendPayment-40-flalv-rn-1-hetzner-repid-7-quorum-rl-400-ib-5","client-30000000-2-50-74-2-12800-19199"
"2022-07-24 10:38:09+02","2022-07-24 10:43:35+02",1600,1658651889,1658652215,326,4.9079754601226995,9592855832213448.0,9593181562159584.0,201.86410000000126,319.72,89.24,75.5088336241998,5701.583955287087,60018,0,0,1600,1,"4000000-sawtoothConfiguration-sb-createAccount-40-flalv-rn-1-hetzner-repid-4-sawtooth-rl-200-notpbpc-100-nobpc-1-maxbtperbl-100000-notppc-100-cpbftbpd-10","client-30000000-2-50-74-2-12800-19199"
"2022-07-19 21:48:02+02","2022-07-19 21:53:09+02",18080,1658260082,1658260389,307,58.89250814332247,9201049148570080.0,9201356361307108.0,14.880390486725732,23.04,5.67,4.495621891008071,20.210616186910983,0,0,0,18080,1,"4000000-quorumConfiguration-sb-createAccount-40-flalv-rn-1-hetzner-repid-5-quorum-rl-400-ib-5","client-10000000-0-0-24-0-0-6399"
"2022-07-19 18:31:57+02","2022-07-19 18:32:13+02",145,1658248317,1658248333,16,9.0625,9189288751710488.0,9189304795806250.0,15.737310344827579,15.96,15.57,0.11362862983087213,0.012911465517241365,23286,0,0,145,1,"4000000-quorumConfiguration-keyvalue-set-40-flalv-rn-1-hetzner-repid-4-quorum-rl-400-ib-1","client-40000000-3-75-99-3-19200-25599"
"2022-07-19 19:26:24+02","2022-07-19 19:29:30+02",13472,1658251584,1658251770,186,72.43010752688173,9192555684106918.0,9192742223612848.0,23.283058194774263,35.32,8.67,5.602824074240324,31.391637606886942,13744,0,0,13472,1,"4000000-quorumConfiguration-keyvalue-get-40-flalv-rn-1-hetzner-repid-4-quorum-rl-100-ib-10","client-40000000-3-75-99-3-19200-25599"
"2022-07-24 14:01:44+02","2022-07-24 14:06:59+02",2300,1658664104,1658664419,315,7.301587301587301,9605076195287584.0,9605390506263636.0,198.26980000000182,304.8,88.74,75.91086365665728,5762.459221099612,59332,0,0,2300,1,"4000000-sawtoothConfiguration-sb-createAccount-40-flalv-rn-1-hetzner-repid-7-sawtooth-rl-200-notpbpc-100-nobpc-1-maxbtperbl-100000-notppc-100-cpbftbpd-10","client-40000000-3-75-99-3-19200-25599"
"2022-07-23 20:39:24+02","2022-07-23 20:44:53+02",1600,1658601564,1658601893,329,4.86322188449848,9542530545322560.0,9542860331302252.0,205.87156249999845,323.29,100.35,77.00978007662864,5930.506227450711,60093,0,0,1600,1,"4000000-sawtoothConfiguration-sb-createAccount-40-flalv-rn-1-hetzner-repid-6-sawtooth-rl-200-notpbpc-100-nobpc-1-maxbtperbl-100000-notppc-100-cpbftbpd-1","client-30000000-2-50-74-2-12800-19199"
"2022-07-19 12:12:39+02","2022-07-19 12:17:49+02",30048,1658225559,1658225869,310,96.92903225806451,9166531308186622.0,9166841187392040.0,4.215383386581492,10.23,1.51,1.450560164421866,2.104124790607591,0,0,0,30048,1,"4000000-fabricConfiguration-sb-createAccount-40-flalv-rn-1-hetzner-repid-4-fabric-rl-100-mm-2000","client-40000000-3-75-99-3-19200-25599"
"2022-07-19 18:00:35+02","2022-07-19 18:05:54+02",30111,1658246435,1658246754,319,94.39184952978056,9187402437453684.0,9187720688616802.0,16.452662482149336,26.72,4.89,4.816919983608715,23.202718128488982,0,0,0,30111,1,"4000000-quorumConfiguration-donothing-doNothing-40-flalv-rn-1-hetzner-repid-4-quorum-rl-100-ib-10","client-30000000-2-50-74-2-12800-19199"
"2022-07-19 10:16:29+02","2022-07-19 10:21:39+02",15039,1658218589,1658218899,310,48.512903225806454,9159561045838728.0,9159871202237148.0,0.3805698517188618,10.1,0.11,0.3092454442745216,0.09563274480454625,0,0,0,15039,1,"4000000-fabricConfiguration-sb-createAccount-40-flalv-rn-1-hetzner-repid-4-fabric-rl-50-mm-100","client-40000000-3-75-99-3-19200-25599"
"2022-07-20 09:50:43+02","2022-07-20 09:55:34+02",17477,1658303443,1658303734,291,60.05841924398626,9244414618663048.0,9244705662819756.0,15.84382617153968,23.62,5.46,4.248791948215538,18.052233019221184,3032,0,0,17477,1,"4000000-quorumConfiguration-sb-sendPayment-40-flalv-rn-1-hetzner-repid-8-quorum-rl-400-ib-5","client-20000000-1-25-49-1-6400-12799"
"2022-07-23 14:48:33+02","2022-07-23 14:53:56+02",1800,1658580513,1658580836,323,5.572755417956657,9521479886751920.0,9521803289126912.0,234.17086111111195,320.65,141.06,61.268482124295105,3753.826901815069,119897,0,0,1800,1,"4000000-sawtoothConfiguration-keyvalue-set-40-flalv-rn-1-hetzner-repid-5-sawtooth-rl-400-notpbpc-100-nobpc-1-maxbtperbl-100000-notppc-100-cpbftbpd-2","client-30000000-2-50-74-2-12800-19199"
"2022-07-24 10:38:09+02","2022-07-24 10:43:11+02",1200,1658651889,1658652191,302,3.9735099337748343,9592860889933264.0,9593162701183448.0,175.60322500000012,297.31,6.79,87.75530405816691,7700.9933903413275,60405,0,0,1200,1,"4000000-sawtoothConfiguration-sb-createAccount-40-flalv-rn-1-hetzner-repid-4-sawtooth-rl-200-notpbpc-100-nobpc-1-maxbtperbl-100000-notppc-100-cpbftbpd-10","client-20000000-1-25-49-1-6400-12799"
"2022-07-19 10:45:54+02","2022-07-19 10:51:04+02",30039,1658220354,1658220664,310,96.9,9161325937443496.0,9161635894389580.0,1.1347025533473096,10.19,0.45,0.4783944185490169,0.22886121969885193,0,0,0,30039,1,"4000000-fabricConfiguration-sb-createAccount-40-flalv-rn-1-hetzner-repid-4-fabric-rl-100-mm-500","client-20000000-1-25-49-1-6400-12799"
"2022-07-19 21:48:02+02","2022-07-19 21:53:09+02",17830,1658260082,1658260389,307,58.07817589576547,9201054152445552.0,9201360553083808.0,14.01395120583293,22.01,4.93,4.475297478026368,20.028287516829174,0,0,0,17830,1,"4000000-quorumConfiguration-sb-createAccount-40-flalv-rn-1-hetzner-repid-5-quorum-rl-400-ib-5","client-40000000-3-75-99-3-19200-25599"
"2022-07-24 11:40:12+02","2022-07-24 11:45:33+02",2400,1658655612,1658655933,321,7.4766355140186915,9596583925577322.0,9596904956395312.0,188.54873749999996,310.53,87.95,69.90517095621111,4886.7329264171,59252,0,0,2400,1,"4000000-sawtoothConfiguration-sb-createAccount-40-flalv-rn-1-hetzner-repid-6-sawtooth-rl-200-notpbpc-100-nobpc-1-maxbtperbl-100000-notppc-100-cpbftbpd-10","client-40000000-3-75-99-3-19200-25599"
"2022-07-19 22:41:52+02","2022-07-19 22:42:11+02",267,1658263312,1658263331,19,14.052631578947368,9204284126251592.0,9204302907503512.0,18.302996254681666,18.71,18.07,0.15404084748107133,0.023728582692686677,18422,0,0,267,1,"4000000-quorumConfiguration-sb-sendPayment-40-flalv-rn-1-hetzner-repid-6-quorum-rl-400-ib-5","client-20000000-1-25-49-1-6400-12799"
"2022-07-23 15:54:48+02","2022-07-23 16:00:19+02",2000,1658584488,1658584819,331,6.042296072507553,9525454668656380.0,9525785914392804.0,234.82303500000296,327.24,132.66,67.35175737536129,4536.259221549533,119606,0,0,2000,1,"4000000-sawtoothConfiguration-keyvalue-set-40-flalv-rn-1-hetzner-repid-7-sawtooth-rl-400-notpbpc-100-nobpc-1-maxbtperbl-100000-notppc-100-cpbftbpd-2","client-30000000-2-50-74-2-12800-19199"
"2022-07-23 14:07:02+02","2022-07-23 14:12:30+02",1900,1658578022,1658578350,328,5.7926829268292686,9518993453932328.0,9519322353448404.0,223.583094736844,325.15,133.02,63.25787191439457,4001.558359137949,119764,0,0,1900,1,"4000000-sawtoothConfiguration-keyvalue-set-40-flalv-rn-1-hetzner-repid-4-sawtooth-rl-400-notpbpc-100-nobpc-1-maxbtperbl-100000-notppc-100-cpbftbpd-2","client-40000000-3-75-99-3-19200-25599"
"2022-07-24 10:38:09+02","2022-07-24 10:43:42+02",1500,1658651889,1658652222,333,4.504504504504505,9592855902873978.0,9593188480058122.0,210.38275333333226,326.58,100.61,74.02820028956029,5480.174438111254,60048,0,0,1500,1,"4000000-sawtoothConfiguration-sb-createAccount-40-flalv-rn-1-hetzner-repid-4-sawtooth-rl-200-notpbpc-100-nobpc-1-maxbtperbl-100000-notppc-100-cpbftbpd-10","client-10000000-0-0-24-0-0-6399"
"2022-07-19 12:27:38+02","2022-07-19 12:32:47+02",30048,1658226458,1658226767,309,97.24271844660194,9167424626228044.0,9167734087908902.0,4.293038804579332,10.44,1.49,1.4494923973686138,2.1010282100294115,61,0,0,30048,1,"4000000-fabricConfiguration-sb-balance-40-flalv-rn-1-hetzner-repid-4-fabric-rl-100-mm-2000","client-10000000-0-0-24-0-0-6399"
"2022-07-20 09:50:43+02","2022-07-20 09:55:29+02",17768,1658303443,1658303729,286,62.12587412587413,9244409598115940.0,9244695849123648.0,15.55092300765419,23.63,7.71,4.106750835361796,16.865402423744804,2848,0,0,17768,1,"4000000-quorumConfiguration-sb-sendPayment-40-flalv-rn-1-hetzner-repid-8-quorum-rl-400-ib-5","client-10000000-0-0-24-0-0-6399"
"2022-07-24 11:10:18+02","2022-07-24 11:15:40+02",2300,1658653818,1658654140,322,7.142857142857143,9594790161475990.0,9595111514019102.0,206.60396086956342,311.85,89.29,78.55483397064148,6170.8619401550495,59361,0,0,2300,1,"4000000-sawtoothConfiguration-sb-createAccount-40-flalv-rn-1-hetzner-repid-5-sawtooth-rl-200-notpbpc-100-nobpc-1-maxbtperbl-100000-notppc-100-cpbftbpd-10","client-40000000-3-75-99-3-19200-25599"
"2022-07-20 09:39:48+02","2022-07-20 09:44:55+02",16886,1658302788,1658303095,307,55.00325732899023,9243760114693364.0,9244066684132408.0,16.36453511784904,24.36,5.78,4.259345513685823,18.14202420495555,0,0,0,16886,1,"4000000-quorumConfiguration-sb-createAccount-40-flalv-rn-1-hetzner-repid-8-quorum-rl-400-ib-5","client-40000000-3-75-99-3-19200-25599"
"2022-07-19 21:10:54+02","2022-07-19 21:11:15+02",39,1658257854,1658257875,21,1.8571428571428572,9198821267823856.0,9198841875877992.0,20.518717948717956,20.59,20.45,0.054588387389505395,0.0029798920377867117,18210,0,0,39,1,"4000000-quorumConfiguration-sb-sendPayment-40-flalv-rn-1-hetzner-repid-4-quorum-rl-400-ib-5","client-10000000-0-0-24-0-0-6399"
"2022-07-19 12:12:39+02","2022-07-19 12:17:49+02",30051,1658225559,1658225869,310,96.93870967741935,9166531305942912.0,9166841221985754.0,4.422286779142109,10.24,1.78,1.4509919339646649,2.1053775924305183,0,0,0,30051,1,"4000000-fabricConfiguration-sb-createAccount-40-flalv-rn-1-hetzner-repid-4-fabric-rl-100-mm-2000","client-20000000-1-25-49-1-6400-12799"
"2022-07-19 21:10:54+02","2022-07-19 21:11:11+02",36,1658257854,1658257871,17,2.1176470588235294,9198821278151672.0,9198837829610820.0,16.47527777777778,16.54,16.39,0.051407954421255043,0.002642777777777836,15107,0,0,36,1,"4000000-quorumConfiguration-sb-sendPayment-40-flalv-rn-1-hetzner-repid-4-quorum-rl-400-ib-5","client-30000000-2-50-74-2-12800-19199"
"2022-07-19 21:48:02+02","2022-07-19 21:53:10+02",18334,1658260082,1658260390,308,59.52597402597402,9201054152363636.0,9201362421853816.0,15.827686811388546,23.85,6.44,4.4920397371633625,20.178421000254694,0,0,0,18334,1,"4000000-quorumConfiguration-sb-createAccount-40-flalv-rn-1-hetzner-repid-5-quorum-rl-400-ib-5","client-20000000-1-25-49-1-6400-12799"
"2022-07-23 15:54:48+02","2022-07-23 16:00:11+02",1500,1658584488,1658584811,323,4.643962848297214,9525454864369332.0,9525778073515640.0,236.2079466666674,320.96,110.35,64.75065546880283,4192.647383639606,120039,0,0,1500,1,"4000000-sawtoothConfiguration-keyvalue-set-40-flalv-rn-1-hetzner-repid-7-sawtooth-rl-400-notpbpc-100-nobpc-1-maxbtperbl-100000-notppc-100-cpbftbpd-2","client-10000000-0-0-24-0-0-6399"
"2022-07-18 15:26:50+02","2022-07-18 15:31:52+02",3026,1658150810,1658151112,302,10.019867549668874,9091776829144184.0,9092078519477856.0,0.33616986120290687,3.62,0.14,0.47081420900616056,0.22166601940209663,0,0,0,3026,1,"4000000-cordaConfiguration-donothing-doNothing-40-flalv-rn-1-hetzner-repid-4-cordaenterprise-rl-10","client-10000000-0-0-24-0-0-6399"
"2022-07-23 19:29:17+02","2022-07-23 19:34:44+02",1900,1658597357,1658597684,327,5.81039755351682,9538324061252220.0,9538651369732928.0,230.04970000000148,324.06,110.89,64.51636924488146,4162.361900541887,119700,0,0,1900,1,"4000000-sawtoothConfiguration-keyvalue-set-40-flalv-rn-1-hetzner-repid-10-sawtooth-rl-400-notpbpc-100-nobpc-1-maxbtperbl-100000-notppc-100-cpbftbpd-2","client-10000000-0-0-24-0-0-6399"
"2022-07-23 14:07:02+02","2022-07-23 14:12:23+02",3200,1658578022,1658578343,321,9.968847352024921,9518988454917376.0,9519310273678972.0,204.67678437499907,315.31,121.23,55.05601960703923,3031.165294970688,118313,0,0,3200,1,"4000000-sawtoothConfiguration-keyvalue-set-40-flalv-rn-1-hetzner-repid-4-sawtooth-rl-400-notpbpc-100-nobpc-1-maxbtperbl-100000-notppc-100-cpbftbpd-2","client-10000000-0-0-24-0-0-6399"
"2022-07-19 19:15:44+02","2022-07-19 19:20:52+02",13472,1658250944,1658251252,308,43.74025974025974,9191915629051156.0,9192223809457136.0,19.266077048693603,35.37,5.36,5.745508980463482,33.01087344458652,0,0,0,13472,1,"4000000-quorumConfiguration-keyvalue-set-40-flalv-rn-1-hetzner-repid-4-quorum-rl-100-ib-10","client-40000000-3-75-99-3-19200-25599"
"2022-07-20 09:50:43+02","2022-07-20 09:55:32+02",16885,1658303443,1658303732,289,58.42560553633218,9244414605412328.0,9244703588931596.0,14.777923008587424,26.27,3.07,4.8156964864742795,23.19093264984072,2927,0,0,16885,1,"4000000-quorumConfiguration-sb-sendPayment-40-flalv-rn-1-hetzner-repid-8-quorum-rl-400-ib-5","client-40000000-3-75-99-3-19200-25599"
"2022-07-18 16:16:01+02","2022-07-18 16:21:03+02",3026,1658153761,1658154063,302,10.019867549668874,9094727957013576.0,9095029636530444.0,0.35534038334435025,4.55,0.14,0.5396879108574434,0.2912630411256718,0,0,0,3026,1,"4000000-cordaConfiguration-sb-createAccount-40-flalv-rn-1-hetzner-repid-4-cordaenterprise-rl-10","client-30000000-2-50-74-2-12800-19199"
"2022-07-19 10:31:05+02","2022-07-19 10:36:05+02",15036,1658219465,1658219765,300,50.12,9160432062457822.0,9160732180222194.0,0.38036046820962993,0.66,0.11,0.14408119645332004,0.020759391171420203,29,0,0,15036,1,"4000000-fabricConfiguration-sb-balance-40-flalv-rn-1-hetzner-repid-4-fabric-rl-50-mm-100","client-30000000-2-50-74-2-12800-19199"
"2022-07-23 13:47:14+02","2022-07-23 13:52:39+02",3300,1658576834,1658577159,325,10.153846153846153,9517800574187728.0,9518126370022456.0,180.9417696969672,310.79,77.07,72.69023788642137,5283.870683984529,58384,0,0,3300,1,"4000000-sawtoothConfiguration-keyvalue-set-40-flalv-rn-1-hetzner-repid-4-sawtooth-rl-200-notpbpc-100-nobpc-1-maxbtperbl-100000-notppc-100-cpbftbpd-5","client-30000000-2-50-74-2-12800-19199"
"2022-07-24 11:40:12+02","2022-07-24 11:45:25+02",1300,1658655612,1658655925,313,4.15335463258786,9596584061483464.0,9596896868898976.0,176.58286153846277,308.29,6.13,88.17575869720855,7774.96442182835,60358,0,0,1300,1,"4000000-sawtoothConfiguration-sb-createAccount-40-flalv-rn-1-hetzner-repid-6-sawtooth-rl-200-notpbpc-100-nobpc-1-maxbtperbl-100000-notppc-100-cpbftbpd-10","client-20000000-1-25-49-1-6400-12799"
"2022-07-19 11:35:59+02","2022-07-19 11:41:15+02",104172,1658223359,1658223675,316,329.65822784810126,9164331389280148.0,9164646951317208.0,18.479993088353925,26.09,2.84,4.9017470513509025,24.02712415542727,0,0,0,104172,1,"4000000-fabricConfiguration-sb-sendPayment-40-flalv-rn-1-hetzner-repid-4-fabric-rl-400-mm-2000","client-40000000-3-75-99-3-19200-25599"
"2022-07-19 18:00:35+02","2022-07-19 18:05:43+02",30112,1658246435,1658246743,308,97.76623376623377,9187402427657784.0,9187710337478954.0,15.475037858661095,25.81,3.32,4.854160938317986,23.562878415092154,0,0,0,30112,1,"4000000-quorumConfiguration-donothing-doNothing-40-flalv-rn-1-hetzner-repid-4-quorum-rl-100-ib-10","client-10000000-0-0-24-0-0-6399"
"2022-07-18 16:16:01+02","2022-07-18 16:21:03+02",3026,1658153761,1658154063,302,10.019867549668874,9094727951594894.0,9095029633894678.0,0.36057832121612904,4.54,0.14,0.5539096468188338,0.30681589683896515,0,0,0,3026,1,"4000000-cordaConfiguration-sb-createAccount-40-flalv-rn-1-hetzner-repid-4-cordaenterprise-rl-10","client-10000000-0-0-24-0-0-6399"
"2022-07-19 22:41:52+02","2022-07-19 22:42:11+02",393,1658263312,1658263331,19,20.68421052631579,9204279126199724.0,9204298146200378.0,18.383511450381672,18.84,17.96,0.23065652858694166,0.053202434179778636,19132,0,0,393,1,"4000000-quorumConfiguration-sb-sendPayment-40-flalv-rn-1-hetzner-repid-6-quorum-rl-400-ib-5","client-10000000-0-0-24-0-0-6399"
"2022-07-19 18:31:57+02","2022-07-19 18:32:13+02",139,1658248317,1658248333,16,8.6875,9189288730984416.0,9189304981342528.0,15.93906474820144,16.17,15.74,0.11278356909785536,0.012720133458450715,24269,0,0,139,1,"4000000-quorumConfiguration-keyvalue-set-40-flalv-rn-1-hetzner-repid-4-quorum-rl-400-ib-1","client-20000000-1-25-49-1-6400-12799"
"2022-07-18 17:34:01+02","2022-07-18 17:39:03+02",3024,1658158441,1658158743,302,10.013245033112582,9099412750941816.0,9099714433810512.0,0.3903968253968285,5.6,0.14,0.6776511074465928,0.45921102342359377,0,0,0,3024,1,"4000000-cordaConfiguration-sb-createAccount-40-flalv-rn-1-hetzner-repid-5-cordaenterprise-rl-10","client-40000000-3-75-99-3-19200-25599"
"2022-07-19 22:30:12+02","2022-07-19 22:35:18+02",18261,1658262612,1658262918,306,59.6764705882353,9203578608776008.0,9203884678640492.0,16.40385904386389,24.1,6.13,4.152541245143347,17.243598792616655,0,0,0,18261,1,"4000000-quorumConfiguration-sb-createAccount-40-flalv-rn-1-hetzner-repid-6-quorum-rl-400-ib-5","client-30000000-2-50-74-2-12800-19199"
"2022-07-19 19:26:24+02","2022-07-19 19:29:32+02",14580,1658251584,1658251772,188,77.55319148936171,9192555691565796.0,9192743918571480.0,22.667313443072636,36.56,2.28,6.7902585284579215,46.107610883295536,12907,0,0,14580,1,"4000000-quorumConfiguration-keyvalue-get-40-flalv-rn-1-hetzner-repid-4-quorum-rl-100-ib-10","client-20000000-1-25-49-1-6400-12799"
"2022-07-19 10:45:54+02","2022-07-19 10:51:04+02",30040,1658220354,1658220664,310,96.90322580645162,9161320938656884.0,9161630898888180.0,1.1409460719041205,10.19,0.45,0.4804493549761952,0.23083158269704201,0,0,0,30040,1,"4000000-fabricConfiguration-sb-createAccount-40-flalv-rn-1-hetzner-repid-4-fabric-rl-100-mm-500","client-10000000-0-0-24-0-0-6399"
"2022-07-19 12:19:40+02","2022-07-19 12:24:50+02",30050,1658225980,1658226290,310,96.93548387096774,9166952369248848.0,9167261828695920.0,4.281308818635609,10.42,1.56,1.4519405060554875,2.108131233124665,63,0,0,30050,1,"4000000-fabricConfiguration-sb-sendPayment-40-flalv-rn-1-hetzner-repid-4-fabric-rl-100-mm-2000","client-20000000-1-25-49-1-6400-12799"
"2022-07-19 19:15:44+02","2022-07-19 19:21:06+02",14699,1658250944,1658251266,322,45.649068322981364,9191910631454046.0,9192232738069924.0,20.403092727396487,34.59,9.17,5.124569619441434,26.26121378450213,0,0,0,14699,1,"4000000-quorumConfiguration-keyvalue-set-40-flalv-rn-1-hetzner-repid-4-quorum-rl-100-ib-10","client-10000000-0-0-24-0-0-6399"
"2022-07-23 14:48:33+02","2022-07-23 14:54:03+02",1800,1658580513,1658580843,330,5.454545454545454,9521479805027236.0,9521810184927460.0,236.22463333333314,327.13,110.55,64.68271799056556,4183.854006647034,119957,0,0,1800,1,"4000000-sawtoothConfiguration-keyvalue-set-40-flalv-rn-1-hetzner-repid-5-sawtooth-rl-400-notpbpc-100-nobpc-1-maxbtperbl-100000-notppc-100-cpbftbpd-2","client-10000000-0-0-24-0-0-6399"
"2022-07-23 14:07:01+02","2022-07-23 14:12:31+02",2100,1658578021,1658578351,330,6.363636363636363,9518988293856420.0,9519317571249454.0,222.67575238095668,325.53,121.51,70.34086885859753,4947.837831782416,119646,0,0,2100,1,"4000000-sawtoothConfiguration-keyvalue-set-40-flalv-rn-1-hetzner-repid-4-sawtooth-rl-400-notpbpc-100-nobpc-1-maxbtperbl-100000-notppc-100-cpbftbpd-2","client-30000000-2-50-74-2-12800-19199"
"2022-07-23 20:39:24+02","2022-07-23 20:44:05+02",1100,1658601564,1658601845,281,3.9145907473309607,9542535738151848.0,9542817195170786.0,169.90783636363764,277.46,6.98,85.50323603670456,7310.8033727484135,60575,0,0,1100,1,"4000000-sawtoothConfiguration-sb-createAccount-40-flalv-rn-1-hetzner-repid-6-sawtooth-rl-200-notpbpc-100-nobpc-1-maxbtperbl-100000-notppc-100-cpbftbpd-1","client-20000000-1-25-49-1-6400-12799"
"2022-07-19 21:10:54+02","2022-07-19 21:11:09+02",37,1658257854,1658257869,15,2.466666666666667,9198826258483688.0,9198840870086760.0,14.524324324324327,14.59,14.45,0.05003002101741535,0.0025030030030030216,16021,0,0,37,1,"4000000-quorumConfiguration-sb-sendPayment-40-flalv-rn-1-hetzner-repid-4-quorum-rl-400-ib-5","client-20000000-1-25-49-1-6400-12799"
"2022-07-24 11:40:12+02","2022-07-24 11:45:40+02",1700,1658655612,1658655940,328,5.182926829268292,9596579053061660.0,9596907227428804.0,208.84801176470506,321.17,99.69,74.16656305575425,5500.679075503172,59989,0,0,1700,1,"4000000-sawtoothConfiguration-sb-createAccount-40-flalv-rn-1-hetzner-repid-6-sawtooth-rl-200-notpbpc-100-nobpc-1-maxbtperbl-100000-notppc-100-cpbftbpd-10","client-30000000-2-50-74-2-12800-19199"
"2022-07-19 11:24:56+02","2022-07-19 11:30:06+02",120050,1658222696,1658223006,310,387.258064516129,9163662887622560.0,9163973190021372.0,2.557412161599324,10.6,1.46,0.5187276717666064,0.26907839745640416,0,0,0,120050,1,"4000000-fabricConfiguration-sb-createAccount-40-flalv-rn-1-hetzner-repid-4-fabric-rl-400-mm-2000","client-30000000-2-50-74-2-12800-19199"
"2022-07-23 13:07:26+02","2022-07-23 13:12:18+02",4000,1658574446,1658574738,292,13.698630136986301,9515418399006332.0,9515709460826430.0,167.92427000000274,272.06,78.3,61.82762729428731,3822.6554968413016,57696,0,0,4000,1,"4000000-sawtoothConfiguration-donothing-doNothing-40-flalv-rn-1-hetzner-repid-4-sawtooth-rl-200-notpbpc-100-nobpc-1-maxbtperbl-100000-notppc-100-cpbftbpd-10","client-40000000-3-75-99-3-19200-25599"
"2022-07-18 17:34:01+02","2022-07-18 17:39:02+02",3025,1658158441,1658158742,301,10.049833887043189,9099412755629420.0,9099714351829026.0,0.36558347107438194,5.12,0.14,0.5647928856624861,0.3189910036949581,0,0,0,3025,1,"4000000-cordaConfiguration-sb-createAccount-40-flalv-rn-1-hetzner-repid-5-cordaenterprise-rl-10","client-20000000-1-25-49-1-6400-12799"
"2022-07-19 21:10:54+02","2022-07-19 21:11:02+02",34,1658257854,1658257862,8,4.25,9198826271876072.0,9198833874990120.0,7.52558823529412,7.58,7.44,0.053495464348693754,0.0028617647058823644,14862,0,0,34,1,"4000000-quorumConfiguration-sb-sendPayment-40-flalv-rn-1-hetzner-repid-4-quorum-rl-400-ib-5","client-40000000-3-75-99-3-19200-25599"
"2022-07-23 16:15:42+02","2022-07-23 16:21:05+02",1400,1658585742,1658586065,323,4.3343653250774,9526708797241482.0,9527031466931850.0,255.3311071428573,320.88,183.27,49.55078145647916,2455.2799429477586,120280,0,0,1400,1,"4000000-sawtoothConfiguration-keyvalue-set-40-flalv-rn-1-hetzner-repid-8-sawtooth-rl-400-notpbpc-100-nobpc-1-maxbtperbl-100000-notppc-100-cpbftbpd-2","client-30000000-2-50-74-2-12800-19199"
"2022-07-19 12:12:39+02","2022-07-19 12:17:49+02",30051,1658225559,1658225869,310,96.93870967741935,9166526301354952.0,9166836217267116.0,4.362247512561967,10.24,1.7,1.4506978939350557,2.1045243794676063,0,0,0,30051,1,"4000000-fabricConfiguration-sb-createAccount-40-flalv-rn-1-hetzner-repid-4-fabric-rl-100-mm-2000","client-30000000-2-50-74-2-12800-19199"
"2022-07-23 19:29:17+02","2022-07-23 19:34:38+02",3400,1658597357,1658597678,321,10.59190031152648,9538329064944856.0,9538649571151780.0,208.8082647058784,313.26,123.22,57.54811596551441,3311.785651180295,118275,0,0,3400,1,"4000000-sawtoothConfiguration-keyvalue-set-40-flalv-rn-1-hetzner-repid-10-sawtooth-rl-400-notpbpc-100-nobpc-1-maxbtperbl-100000-notppc-100-cpbftbpd-2","client-40000000-3-75-99-3-19200-25599"
"2022-07-19 18:31:57+02","2022-07-19 18:32:05+02",314,1658248317,1658248325,8,39.25,9189283714715884.0,9189291525275168.0,7.342515923566882,7.71,7.07,0.16574656758363868,0.027471924665757704,13202,0,0,314,1,"4000000-quorumConfiguration-keyvalue-set-40-flalv-rn-1-hetzner-repid-4-quorum-rl-400-ib-1","client-10000000-0-0-24-0-0-6399"
"2022-07-18 20:50:20+02","2022-07-18 20:51:59+02",9999,1658170220,1658170319,99,101,9111186921619108.0,9111285499347584.0,19.865668566856442,33.87,8.47,5.92074432256872,35.05521333322973,15199,0,0,9999,1,"4000000-grapheneConfiguration-sb-sendPayment-40-flalv-rn-1-hetzner-repid-4-graphene-rl-400-bi-2-opt-100-notpc-1","client-10000000-0-0-24-0-0-6399"
"2022-07-19 11:01:05+02","2022-07-19 11:06:15+02",30035,1658221265,1658221575,310,96.88709677419355,9162232291455346.0,9162541743217756.0,1.0719713667388098,10.42,0.34,0.4829286108011195,0.23322004313029915,76,0,0,30035,1,"4000000-fabricConfiguration-sb-balance-40-flalv-rn-1-hetzner-repid-4-fabric-rl-100-mm-500","client-30000000-2-50-74-2-12800-19199"
"2022-07-19 10:23:24+02","2022-07-19 10:28:24+02",15035,1658219004,1658219304,300,50.11666666666667,9159970607989564.0,9160270745866382.0,0.3941296973727943,0.67,0.13,0.1437350930642578,0.020659776978190852,30,0,0,15035,1,"4000000-fabricConfiguration-sb-sendPayment-40-flalv-rn-1-hetzner-repid-4-fabric-rl-50-mm-100","client-30000000-2-50-74-2-12800-19199"
"2022-07-19 23:17:52+02","2022-07-19 23:23:00+02",17489,1658265472,1658265780,308,56.782467532467535,9206438933286434.0,9206746864601890.0,14.818266338841587,22.88,6.47,4.388857512764417,19.26207026734867,0,0,0,17489,1,"4000000-quorumConfiguration-sb-createAccount-40-flalv-rn-1-hetzner-repid-7-quorum-rl-400-ib-5","client-30000000-2-50-74-2-12800-19199"
"2022-07-19 10:31:05+02","2022-07-19 10:36:05+02",15036,1658219465,1658219765,300,50.12,9160437065356898.0,9160737182158696.0,0.3804848363926558,0.65,0.12,0.14399048613000812,0.020733260095956062,29,0,0,15036,1,"4000000-fabricConfiguration-sb-balance-40-flalv-rn-1-hetzner-repid-4-fabric-rl-50-mm-100","client-20000000-1-25-49-1-6400-12799"
"2022-07-23 16:15:42+02","2022-07-23 16:21:05+02",1400,1658585742,1658586065,323,4.3343653250774,9526713835288312.0,9527036678016900.0,262.4045357142861,321.04,202.65,46.33092914560981,2146.5549954955163,120253,0,0,1400,1,"4000000-sawtoothConfiguration-keyvalue-set-40-flalv-rn-1-hetzner-repid-8-sawtooth-rl-400-notpbpc-100-nobpc-1-maxbtperbl-100000-notppc-100-cpbftbpd-2","client-40000000-3-75-99-3-19200-25599"
"2022-07-18 15:26:50+02","2022-07-18 15:31:52+02",3026,1658150810,1658151112,302,10.019867549668874,9091781832419888.0,9092083519162524.0,0.3389854593522788,3.46,0.14,0.4837360749434789,0.23400059020172304,0,0,0,3026,1,"4000000-cordaConfiguration-donothing-doNothing-40-flalv-rn-1-hetzner-repid-4-cordaenterprise-rl-10","client-20000000-1-25-49-1-6400-12799"
"2022-07-18 16:31:11+02","2022-07-18 16:37:34+02",14,1658154671,1658155054,383,0.03655352480417755,9095642493724444.0,9096025634990130.0,383.08857142857147,383.14,382.83,0.09453181335538835,0.008936263736257978,25,0,0,14,1,"4000000-cordaConfiguration-sb-balance-40-flalv-rn-1-hetzner-repid-4-cordaenterprise-rl-10","client-40000000-3-75-99-3-19200-25599"
"2022-07-20 09:39:48+02","2022-07-20 09:44:57+02",17431,1658302788,1658303097,309,56.41100323624595,9243755133161934.0,9244063539188440.0,17.72481039527278,26.17,5.51,4.5822550909140185,20.99706171820744,0,0,0,17431,1,"4000000-quorumConfiguration-sb-createAccount-40-flalv-rn-1-hetzner-repid-8-quorum-rl-400-ib-5","client-30000000-2-50-74-2-12800-19199"
"2022-07-19 11:24:56+02","2022-07-19 11:30:06+02",120048,1658222696,1658223006,310,387.2516129032258,9163662886806096.0,9163973162398628.0,2.544956434093053,10.59,1.51,0.5165534651295457,0.26682748233734077,0,0,0,120048,1,"4000000-fabricConfiguration-sb-createAccount-40-flalv-rn-1-hetzner-repid-4-fabric-rl-400-mm-2000","client-10000000-0-0-24-0-0-6399"
"2022-07-19 19:15:44+02","2022-07-19 19:20:59+02",14675,1658250944,1658251259,315,46.58730158730159,9191910631350960.0,9192226417774026.0,18.90925860306645,33.93,7.55,5.61773800085575,31.558980246258766,0,0,0,14675,1,"4000000-quorumConfiguration-keyvalue-set-40-flalv-rn-1-hetzner-repid-4-quorum-rl-100-ib-10","client-30000000-2-50-74-2-12800-19199"
"2022-07-23 20:39:24+02","2022-07-23 20:44:45+02",2200,1658601564,1658601885,321,6.853582554517134,9542535661544532.0,9542857360751086.0,199.763159090908,312.2,89.17,76.23162126829925,5811.2600811934135,59487,0,0,2200,1,"4000000-sawtoothConfiguration-sb-createAccount-40-flalv-rn-1-hetzner-repid-6-sawtooth-rl-200-notpbpc-100-nobpc-1-maxbtperbl-100000-notppc-100-cpbftbpd-1","client-40000000-3-75-99-3-19200-25599"
"2022-07-23 19:29:17+02","2022-07-23 19:34:45+02",2300,1658597357,1658597685,328,7.012195121951219,9538324017305022.0,9538651781794070.0,230.9256999999973,323.26,133.6,64.32279670789967,4137.422176325788,119383,0,0,2300,1,"4000000-sawtoothConfiguration-keyvalue-set-40-flalv-rn-1-hetzner-repid-10-sawtooth-rl-400-notpbpc-100-nobpc-1-maxbtperbl-100000-notppc-100-cpbftbpd-2","client-30000000-2-50-74-2-12800-19199"
"2022-07-20 10:01:56+02","2022-07-20 10:02:15+02",2191,1658304116,1658304135,19,115.3157894736842,9245087728396048.0,9245107372360918.0,16.899593792788686,19.21,14.53,1.3180612125521765,1.737285360034514,17832,0,0,2191,1,"4000000-quorumConfiguration-sb-balance-40-flalv-rn-1-hetzner-repid-8-quorum-rl-400-ib-5","client-40000000-3-75-99-3-19200-25599"
"2022-07-19 23:17:52+02","2022-07-19 23:23:00+02",16538,1658265472,1658265780,308,53.6948051948052,9206443920539548.0,9206751577505528.0,14.437349739992742,22.28,6.38,4.4070078557061,19.421718240255274,0,0,0,16538,1,"4000000-quorumConfiguration-sb-createAccount-40-flalv-rn-1-hetzner-repid-7-quorum-rl-400-ib-5","client-40000000-3-75-99-3-19200-25599"
"2022-07-19 22:41:52+02","2022-07-19 22:42:11+02",661,1658263312,1658263331,19,34.78947368421053,9204279097235964.0,9204298208958592.0,18.21674735249624,18.95,17.44,0.41918771886624157,0.17571834364828318,17800,0,0,661,1,"4000000-quorumConfiguration-sb-sendPayment-40-flalv-rn-1-hetzner-repid-6-quorum-rl-400-ib-5","client-30000000-2-50-74-2-12800-19199"
"2022-07-20 10:01:56+02","2022-07-20 10:02:20+02",796,1658304116,1658304140,24,33.166666666666664,9245082708341096.0,9245106896719226.0,22.95569095477388,23.74,22.32,0.3952038244519876,0.15618606286147743,19159,0,0,796,1,"4000000-quorumConfiguration-sb-balance-40-flalv-rn-1-hetzner-repid-8-quorum-rl-400-ib-5","client-30000000-2-50-74-2-12800-19199"
"2022-07-19 19:15:44+02","2022-07-19 19:21:01+02",14580,1658250944,1658251261,317,45.99369085173502,9191915624064904.0,9192232473444640.0,20.10248422496577,34.9,8.79,5.523376613266028,30.507689211974096,0,0,0,14580,1,"4000000-quorumConfiguration-keyvalue-set-40-flalv-rn-1-hetzner-repid-4-quorum-rl-100-ib-10","client-20000000-1-25-49-1-6400-12799"
"2022-07-24 14:01:44+02","2022-07-24 14:07:07+02",1300,1658664104,1658664427,323,4.024767801857585,9605076172090268.0,9605398512889406.0,181.01192307692475,317.34,6.66,92.20283250577477,8501.362322087954,60388,0,0,1300,1,"4000000-sawtoothConfiguration-sb-createAccount-40-flalv-rn-1-hetzner-repid-7-sawtooth-rl-200-notpbpc-100-nobpc-1-maxbtperbl-100000-notppc-100-cpbftbpd-10","client-20000000-1-25-49-1-6400-12799"
"2022-07-19 12:19:40+02","2022-07-19 12:24:50+02",30050,1658225980,1658226290,310,96.93548387096774,9166947368491274.0,9167256850105360.0,4.191272212978337,10.45,1.47,1.4494684781981582,2.1009588692900842,64,0,0,30050,1,"4000000-fabricConfiguration-sb-sendPayment-40-flalv-rn-1-hetzner-repid-4-fabric-rl-100-mm-2000","client-30000000-2-50-74-2-12800-19199"
"2022-07-18 22:19:47+02","2022-07-18 22:20:26+02",3200,1658175587,1658175626,39,82.05128205128206,9116553851592144.0,9116592468407804.0,35.3923750000001,38.57,29.85,2.430592374381877,5.90777929040333,21795,0,0,3200,1,"4000000-grapheneConfiguration-sb-sendPayment-40-flalv-rn-1-hetzner-repid-4-graphene-rl-400-bi-10-opt-100-notpc-1","client-10000000-0-0-24-0-0-6399"
"2022-07-19 12:12:39+02","2022-07-19 12:17:49+02",30048,1658225559,1658225869,310,96.92903225806451,9166526318058040.0,9166836182317500.0,3.965107827476031,10.2,1.29,1.4524601193826754,2.1096403983971355,0,0,0,30048,1,"4000000-fabricConfiguration-sb-createAccount-40-flalv-rn-1-hetzner-repid-4-fabric-rl-100-mm-2000","client-10000000-0-0-24-0-0-6399"
"2022-07-23 13:07:26+02","2022-07-23 13:12:09+02",4900,1658574446,1658574729,283,17.314487632508833,9515413398700244.0,9515696061375548.0,157.40552244897734,260.15,69.44,57.63754509240428,3322.086604278937,56767,0,0,4900,1,"4000000-sawtoothConfiguration-donothing-doNothing-40-flalv-rn-1-hetzner-repid-4-sawtooth-rl-200-notpbpc-100-nobpc-1-maxbtperbl-100000-notppc-100-cpbftbpd-10","client-30000000-2-50-74-2-12800-19199"
"2022-07-19 10:53:24+02","2022-07-19 10:58:33+02",30034,1658220804,1658221113,309,97.19741100323624,9161770514829336.0,9162080080655768.0,1.2559509222880803,10.53,0.55,0.4697095697705717,0.2206270799340556,80,0,0,30034,1,"4000000-fabricConfiguration-sb-sendPayment-40-flalv-rn-1-hetzner-repid-4-fabric-rl-100-mm-500","client-30000000-2-50-74-2-12800-19199"
"2022-07-19 22:41:52+02","2022-07-19 22:42:15+02",289,1658263312,1658263335,23,12.565217391304348,9204284108550344.0,9204306961281912.0,22.36498269896194,22.7,21.98,0.1541984754740578,0.023777169838523602,18251,0,0,289,1,"4000000-quorumConfiguration-sb-sendPayment-40-flalv-rn-1-hetzner-repid-6-quorum-rl-400-ib-5","client-40000000-3-75-99-3-19200-25599"
"2022-07-19 10:16:29+02","2022-07-19 10:21:39+02",15036,1658218589,1658218899,310,48.50322580645161,9159556049196078.0,9159866215777224.0,0.3942657621707924,10.11,0.13,0.3184250603462188,0.10139451905649308,0,0,0,15036,1,"4000000-fabricConfiguration-sb-createAccount-40-flalv-rn-1-hetzner-repid-4-fabric-rl-50-mm-100","client-30000000-2-50-74-2-12800-19199"
"2022-07-23 14:07:02+02","2022-07-23 14:12:16+02",1600,1658578022,1658578336,314,5.095541401273885,9518993467980340.0,9519308035197730.0,216.4040812499963,311.82,13.21,78.75959806087147,6203.074286710028,119902,0,0,1600,1,"4000000-sawtoothConfiguration-keyvalue-set-40-flalv-rn-1-hetzner-repid-4-sawtooth-rl-400-notpbpc-100-nobpc-1-maxbtperbl-100000-notppc-100-cpbftbpd-2","client-20000000-1-25-49-1-6400-12799"
"2022-07-20 09:39:48+02","2022-07-20 09:44:54+02",17478,1658302788,1658303094,306,57.11764705882353,9243760141517670.0,9244065543326884.0,15.31088740130456,23.25,4.72,4.266464166131457,18.20271648088379,0,0,0,17478,1,"4000000-quorumConfiguration-sb-createAccount-40-flalv-rn-1-hetzner-repid-8-quorum-rl-400-ib-5","client-20000000-1-25-49-1-6400-12799"
"2022-07-19 21:00:11+02","2022-07-19 21:05:29+02",17603,1658257211,1658257529,318,55.355345911949684,9198178231068322.0,9198495642456866.0,16.506334715673596,24.64,8.44,4.07390745443124,16.59672194727043,0,0,0,17603,1,"4000000-quorumConfiguration-sb-createAccount-40-flalv-rn-1-hetzner-repid-4-quorum-rl-400-ib-5","client-10000000-0-0-24-0-0-6399"
"2022-07-20 09:50:43+02","2022-07-20 09:55:35+02",17430,1658303443,1658303735,292,59.69178082191781,9244409615858130.0,9244702426467888.0,17.61446758462406,25.19,7.21,4.2914151119866855,18.416243663387696,2927,0,0,17430,1,"4000000-quorumConfiguration-sb-sendPayment-40-flalv-rn-1-hetzner-repid-8-quorum-rl-400-ib-5","client-30000000-2-50-74-2-12800-19199"
"2022-07-18 17:34:01+02","2022-07-18 17:39:03+02",3026,1658158441,1658158743,302,10.019867549668874,9099407765112688.0,9099709440386308.0,0.3740614672835454,4.72,0.14,0.5805896645089139,0.3370843585345732,0,0,0,3026,1,"4000000-cordaConfiguration-sb-createAccount-40-flalv-rn-1-hetzner-repid-5-cordaenterprise-rl-10","client-10000000-0-0-24-0-0-6399"
"2022-07-18 15:26:50+02","2022-07-18 15:31:52+02",3026,1658150810,1658151112,302,10.019867549668874,9091781821930268.0,9092083531624964.0,0.347805684071381,4.31,0.14,0.5325757245633027,0.28363690239412687,0,0,0,3026,1,"4000000-cordaConfiguration-donothing-doNothing-40-flalv-rn-1-hetzner-repid-4-cordaenterprise-rl-10","client-40000000-3-75-99-3-19200-25599"
"2022-07-19 10:16:29+02","2022-07-19 10:21:39+02",15039,1658218589,1658218899,310,48.512903225806454,9159556051989510.0,9159866208040074.0,0.38136245761021326,10.1,0.11,0.3188934668091077,0.10169304317353145,0,0,0,15039,1,"4000000-fabricConfiguration-sb-createAccount-40-flalv-rn-1-hetzner-repid-4-fabric-rl-50-mm-100","client-10000000-0-0-24-0-0-6399"
"2022-07-19 11:01:05+02","2022-07-19 11:06:15+02",30038,1658221265,1658221575,310,96.89677419354838,9162237289740056.0,9162546853172272.0,1.2168253545509016,10.53,0.5,0.48427397817868256,0.23452128594100713,76,0,0,30038,1,"4000000-fabricConfiguration-sb-balance-40-flalv-rn-1-hetzner-repid-4-fabric-rl-100-mm-500","client-40000000-3-75-99-3-19200-25599"
"2022-07-19 10:23:24+02","2022-07-19 10:28:24+02",15035,1658219004,1658219304,300,50.11666666666667,9159975600814840.0,9160275733621232.0,0.3913295643498483,0.65,0.13,0.14384579871958522,0.02069161380927543,30,0,0,15035,1,"4000000-fabricConfiguration-sb-sendPayment-40-flalv-rn-1-hetzner-repid-4-fabric-rl-50-mm-100","client-20000000-1-25-49-1-6400-12799"
"2022-07-19 11:35:59+02","2022-07-19 11:41:15+02",104099,1658223359,1658223675,316,329.42721518987344,9164326395030396.0,9164642086885992.0,18.516374220693688,26.26,2.58,4.917507171166737,24.181876778476287,0,0,0,104099,1,"4000000-fabricConfiguration-sb-sendPayment-40-flalv-rn-1-hetzner-repid-4-fabric-rl-400-mm-2000","client-10000000-0-0-24-0-0-6399"
"2022-07-19 23:17:52+02","2022-07-19 23:23:00+02",17626,1658265472,1658265780,308,57.22727272727273,9206438927814996.0,9206746935863120.0,14.796269147849763,22.48,6.89,4.317789333628703,18.643304729597794,0,0,0,17626,1,"4000000-quorumConfiguration-sb-createAccount-40-flalv-rn-1-hetzner-repid-7-quorum-rl-400-ib-5","client-10000000-0-0-24-0-0-6399"
"2022-07-20 10:01:56+02","2022-07-20 10:02:12+02",822,1658304116,1658304132,16,51.375,9245087708485956.0,9245103898210016.0,15.019720194647222,15.77,14.32,0.37975893957361495,0.14421685218607655,18992,0,0,822,1,"4000000-quorumConfiguration-sb-balance-40-flalv-rn-1-hetzner-repid-8-quorum-rl-400-ib-5","client-20000000-1-25-49-1-6400-12799"
"2022-07-18 17:41:12+02","2022-07-18 17:47:56+02",1,1658158872,1658159276,404,0.0024752475247524753,9099844321761980.0,9100248268138300.0,403.94,403.94,403.94,NULL,NULL,0,0,0,1,1,"4000000-cordaConfiguration-sb-sendPayment-40-flalv-rn-1-hetzner-repid-5-cordaenterprise-rl-10","client-40000000-3-75-99-3-19200-25599"
"2022-07-19 11:24:56+02","2022-07-19 11:30:25+02",120055,1658222696,1658223025,329,364.90881458966567,9163667883716976.0,9163996746428466.0,25.559141143642577,56.33,1.22,16.411195941927907,269.327352244351,0,0,0,120055,1,"4000000-fabricConfiguration-sb-createAccount-40-flalv-rn-1-hetzner-repid-4-fabric-rl-400-mm-2000","client-40000000-3-75-99-3-19200-25599"
"2022-07-19 11:49:58+02","2022-07-19 11:55:17+02",120050,1658224198,1658224517,319,376.3322884012539,9165164816059300.0,9165483486302192.0,18.910074552269872,29.54,2.64,6.955811839170947,48.38331834195071,307,0,0,120050,1,"4000000-fabricConfiguration-sb-balance-40-flalv-rn-1-hetzner-repid-4-fabric-rl-400-mm-2000","client-30000000-2-50-74-2-12800-19199"
"2022-07-19 10:31:05+02","2022-07-19 10:36:05+02",15039,1658219465,1658219765,300,50.13,9160432070419052.0,9160732151191360.0,0.34519914887958075,0.63,0.09,0.14417832886384727,0.02078739051397169,26,0,0,15039,1,"4000000-fabricConfiguration-sb-balance-40-flalv-rn-1-hetzner-repid-4-fabric-rl-50-mm-100","client-10000000-0-0-24-0-0-6399"
"2022-07-18 19:10:58+02","2022-07-18 19:14:20+02",10000,1658164258,1658164460,202,49.504950495049506,9105225321363632.0,9105426517149356.0,3.9409170000000326,9.34,0.18,2.7234557955395573,7.417211470258004,1600,0,0,10000,1,"4000000-grapheneConfiguration-sb-createAccount-40-flalv-rn-1-hetzner-repid-4-graphene-rl-50-bi-5-opt-100-notpc-1","client-10000000-0-0-24-0-0-6399"
"2022-07-19 23:28:11+02","2022-07-19 23:28:30+02",198,1658266091,1658266110,19,10.421052631578947,9207063379249484.0,9207081566188416.0,17.820202020202025,18.08,17.64,0.12255718481263114,0.015020263549197424,23173,0,0,198,1,"4000000-quorumConfiguration-sb-sendPayment-40-flalv-rn-1-hetzner-repid-7-quorum-rl-400-ib-5","client-40000000-3-75-99-3-19200-25599"
"2022-07-19 11:49:58+02","2022-07-19 11:55:17+02",120048,1658224198,1658224517,319,376.3260188087774,9165164819232124.0,9165483808595708.0,19.645915467146544,30.8,2.46,7.344413331490195,53.9404071837709,321,0,0,120048,1,"4000000-fabricConfiguration-sb-balance-40-flalv-rn-1-hetzner-repid-4-fabric-rl-400-mm-2000","client-10000000-0-0-24-0-0-6399"
"2022-07-23 13:07:26+02","2022-07-23 13:12:04+02",3600,1658574446,1658574724,278,12.949640287769784,9515418342934502.0,9515695829151632.0,161.46731944444184,260.99,73.76,57.04172059876072,3253.757888867083,58077,0,0,3600,1,"4000000-sawtoothConfiguration-donothing-doNothing-40-flalv-rn-1-hetzner-repid-4-sawtooth-rl-200-notpbpc-100-nobpc-1-maxbtperbl-100000-notppc-100-cpbftbpd-10","client-20000000-1-25-49-1-6400-12799"
"2022-07-19 11:35:59+02","2022-07-19 11:41:15+02",71291,1658223359,1658223675,316,225.60443037974684,9164326398239698.0,9164642094644880.0,17.976536028390438,57.53,2.61,5.602355355360379,31.386385527735115,109,0,0,71291,1,"4000000-fabricConfiguration-sb-sendPayment-40-flalv-rn-1-hetzner-repid-4-fabric-rl-400-mm-2000","client-30000000-2-50-74-2-12800-19199"
"2022-07-19 22:30:12+02","2022-07-19 22:35:20+02",17291,1658262612,1658262920,308,56.13961038961039,9203583587572836.0,9203891760059928.0,17.059849054421438,26.29,5.62,4.932457578333635,24.3291377620609,0,0,0,17291,1,"4000000-quorumConfiguration-sb-createAccount-40-flalv-rn-1-hetzner-repid-6-quorum-rl-400-ib-5","client-40000000-3-75-99-3-19200-25599"
"2022-07-18 22:09:55+02","2022-07-18 22:10:21+02",10000,1658174995,1658175021,26,384.61538461538464,9115962214407942.0,9115987474141708.0,5.8531640000000085,11.62,1.14,2.869250583165396,8.232598908994964,11197,0,0,10000,1,"4000000-grapheneConfiguration-sb-createAccount-40-flalv-rn-1-hetzner-repid-4-graphene-rl-400-bi-10-opt-100-notpc-1","client-10000000-0-0-24-0-0-6399"
"2022-07-23 13:47:14+02","2022-07-23 13:52:47+02",2700,1658576834,1658577167,333,8.108108108108109,9517805472547532.0,9518138918414984.0,186.74452592592587,321.44,77.23,72.27950460815183,5224.326786399842,58988,0,0,2700,1,"4000000-sawtoothConfiguration-keyvalue-set-40-flalv-rn-1-hetzner-repid-4-sawtooth-rl-200-notpbpc-100-nobpc-1-maxbtperbl-100000-notppc-100-cpbftbpd-5","client-40000000-3-75-99-3-19200-25599"
"2022-07-24 14:01:44+02","2022-07-24 14:07:15+02",1500,1658664104,1658664435,331,4.531722054380665,9605071252802964.0,9605401469347358.0,207.89959333333337,324.23,107.26,69.89330819557503,4885.074530521635,60152,0,0,1500,1,"4000000-sawtoothConfiguration-sb-createAccount-40-flalv-rn-1-hetzner-repid-7-sawtooth-rl-200-notpbpc-100-nobpc-1-maxbtperbl-100000-notppc-100-cpbftbpd-10","client-30000000-2-50-74-2-12800-19199"
"2022-07-19 21:00:11+02","2022-07-19 21:05:28+02",17529,1658257211,1658257528,317,55.29652996845426,9198183195043772.0,9198500269288504.0,16.225615266130376,24.19,8.37,4.056424899316218,16.45458296379259,0,0,0,17529,1,"4000000-quorumConfiguration-sb-createAccount-40-flalv-rn-1-hetzner-repid-4-quorum-rl-400-ib-5","client-20000000-1-25-49-1-6400-12799"
"2022-07-18 16:31:11+02","2022-07-18 16:37:32+02",12,1658154671,1658155052,381,0.031496062992125984,9095642499911624.0,9096023578398976.0,381.01666666666665,381.07,380.76,0.1010250493989395,0.010206060606058167,34,0,0,12,1,"4000000-cordaConfiguration-sb-balance-40-flalv-rn-1-hetzner-repid-4-cordaenterprise-rl-10","client-20000000-1-25-49-1-6400-12799"
"2022-07-23 14:48:33+02","2022-07-23 14:53:49+02",3300,1658580513,1658580829,316,10.443037974683545,9521484761600508.0,9521800794419664.0,214.17375151515336,309.52,121.71,56.68419901250317,3213.0984176890656,118479,0,0,3300,1,"4000000-sawtoothConfiguration-keyvalue-set-40-flalv-rn-1-hetzner-repid-5-sawtooth-rl-400-notpbpc-100-nobpc-1-maxbtperbl-100000-notppc-100-cpbftbpd-2","client-40000000-3-75-99-3-19200-25599"
"2022-07-19 22:30:12+02","2022-07-19 22:35:28+02",18172,1658262612,1658262928,316,57.50632911392405,9203578614835840.0,9203895109501896.0,16.84200693374436,25.24,8.92,4.052932265355646,16.426259947560848,0,0,0,18172,1,"4000000-quorumConfiguration-sb-createAccount-40-flalv-rn-1-hetzner-repid-6-quorum-rl-400-ib-5","client-10000000-0-0-24-0-0-6399"
"2022-07-23 18:34:55+02","2022-07-23 18:40:14+02",3200,1658594095,1658594414,319,10.031347962382446,9535066866583272.0,9535386127436056.0,211.64102187500416,312.51,119.76,59.21688854026058,3506.6398883896445,118582,0,0,3200,1,"4000000-sawtoothConfiguration-keyvalue-set-40-flalv-rn-1-hetzner-repid-9-sawtooth-rl-400-notpbpc-100-nobpc-1-maxbtperbl-100000-notppc-100-cpbftbpd-2","client-40000000-3-75-99-3-19200-25599"
"2022-07-24 11:40:12+02","2022-07-24 11:45:48+02",1700,1658655612,1658655948,336,5.059523809523809,9596579005618810.0,9596915125512774.0,202.03423529411623,328.12,88.07,82.26848512448018,6768.103644676817,59980,0,0,1700,1,"4000000-sawtoothConfiguration-sb-createAccount-40-flalv-rn-1-hetzner-repid-6-sawtooth-rl-200-notpbpc-100-nobpc-1-maxbtperbl-100000-notppc-100-cpbftbpd-10","client-10000000-0-0-24-0-0-6399"
"2022-07-19 19:26:24+02","2022-07-19 19:29:41+02",14699,1658251584,1658251781,197,74.61421319796955,9192550705296928.0,9192748039971700.0,23.11632083815231,35.88,9.35,5.74039884241309,32.95217886997755,13132,0,0,14699,1,"4000000-quorumConfiguration-keyvalue-get-40-flalv-rn-1-hetzner-repid-4-quorum-rl-100-ib-10","client-10000000-0-0-24-0-0-6399"
"2022-07-19 10:23:24+02","2022-07-19 10:28:24+02",15038,1658219004,1658219304,300,50.126666666666665,9159975600760086.0,9160275702756700.0,0.3627596754887609,0.65,0.11,0.1442204540534212,0.020799539367374976,27,0,0,15038,1,"4000000-fabricConfiguration-sb-sendPayment-40-flalv-rn-1-hetzner-repid-4-fabric-rl-50-mm-100","client-40000000-3-75-99-3-19200-25599"
"2022-07-23 15:33:06+02","2022-07-23 15:38:37+02",1700,1658583186,1658583517,331,5.13595166163142,9524153355746844.0,9524484122138628.0,226.07607647058745,327.51,109.15,64.32981960921043,4138.325690953556,119997,0,0,1700,1,"4000000-sawtoothConfiguration-keyvalue-set-40-flalv-rn-1-hetzner-repid-6-sawtooth-rl-400-notpbpc-100-nobpc-1-maxbtperbl-100000-notppc-100-cpbftbpd-2","client-10000000-0-0-24-0-0-6399"
"2022-07-19 22:30:12+02","2022-07-19 22:35:18+02",18270,1658262612,1658262918,306,59.705882352941174,9203583626187852.0,9203889839539396.0,16.529121510673253,24.14,6.26,4.188105146660431,17.54022471948359,0,0,0,18270,1,"4000000-quorumConfiguration-sb-createAccount-40-flalv-rn-1-hetzner-repid-6-quorum-rl-400-ib-5","client-20000000-1-25-49-1-6400-12799"
"2022-07-23 15:33:06+02","2022-07-23 15:38:37+02",3400,1658583186,1658583517,331,10.27190332326284,9524158342071468.0,9524488999830856.0,207.4729147058881,323.41,122.27,55.546325618153475,3085.3942896779326,118300,0,0,3400,1,"4000000-sawtoothConfiguration-keyvalue-set-40-flalv-rn-1-hetzner-repid-6-sawtooth-rl-400-notpbpc-100-nobpc-1-maxbtperbl-100000-notppc-100-cpbftbpd-2","client-40000000-3-75-99-3-19200-25599"
"2022-07-20 10:01:56+02","2022-07-20 10:02:15+02",1277,1658304116,1658304135,19,67.21052631578948,9245082716447628.0,9245101995465638.0,17.66144870790917,18.84,16.48,0.6474615370200383,0.41920644192035034,18141,0,0,1277,1,"4000000-quorumConfiguration-sb-balance-40-flalv-rn-1-hetzner-repid-8-quorum-rl-400-ib-5","client-10000000-0-0-24-0-0-6399"
"2022-07-23 15:54:48+02","2022-07-23 16:00:19+02",3300,1658584488,1658584819,331,9.969788519637461,9525459770631600.0,9525790872007166.0,224.70924242423638,324.58,122.93,60.16688764185379,3620.054368507458,118391,0,0,3300,1,"4000000-sawtoothConfiguration-keyvalue-set-40-flalv-rn-1-hetzner-repid-7-sawtooth-rl-400-notpbpc-100-nobpc-1-maxbtperbl-100000-notppc-100-cpbftbpd-2","client-40000000-3-75-99-3-19200-25599"
"2022-07-20 09:39:48+02","2022-07-20 09:44:55+02",17769,1658302788,1658303095,307,57.87947882736157,9243755117554376.0,9244061440251550.0,16.003905678428676,23.73,5.54,4.276928278184112,18.292115496730915,0,0,0,17769,1,"4000000-quorumConfiguration-sb-createAccount-40-flalv-rn-1-hetzner-repid-8-quorum-rl-400-ib-5","client-10000000-0-0-24-0-0-6399"
"2022-07-23 16:15:42+02","2022-07-23 16:20:52+02",2400,1658585742,1658586052,310,7.741935483870968,9526713744128494.0,9527023986579224.0,241.03021249999904,305.24,183.34,38.124086895039255,1453.446001580504,119212,0,0,2400,1,"4000000-sawtoothConfiguration-keyvalue-set-40-flalv-rn-1-hetzner-repid-8-sawtooth-rl-400-notpbpc-100-nobpc-1-maxbtperbl-100000-notppc-100-cpbftbpd-2","client-20000000-1-25-49-1-6400-12799"
"2022-07-19 18:00:36+02","2022-07-19 18:05:44+02",30107,1658246436,1658246744,308,97.75,9187407462489316.0,9187716417522082.0,16.503483907396923,26.86,4.29,4.854554987622125,23.566704127846844,0,0,0,30107,1,"4000000-quorumConfiguration-donothing-doNothing-40-flalv-rn-1-hetzner-repid-4-quorum-rl-100-ib-10","client-20000000-1-25-49-1-6400-12799"
"2022-07-19 18:31:57+02","2022-07-19 18:32:04+02",161,1658248317,1658248324,7,23,9189283721605588.0,9189290769379084.0,6.73086956521739,6.97,6.56,0.11572808272167473,0.01339298913043479,25070,0,0,161,1,"4000000-quorumConfiguration-keyvalue-set-40-flalv-rn-1-hetzner-repid-4-quorum-rl-400-ib-1","client-30000000-2-50-74-2-12800-19199"
"2022-07-19 10:45:54+02","2022-07-19 10:51:04+02",30035,1658220354,1658220664,310,96.88709677419355,9161320950709184.0,9161630906885268.0,1.1965753287830856,10.21,0.48,0.4771115709133193,0.2276354510993753,0,0,0,30035,1,"4000000-fabricConfiguration-sb-createAccount-40-flalv-rn-1-hetzner-repid-4-fabric-rl-100-mm-500","client-30000000-2-50-74-2-12800-19199"
"2022-07-23 20:39:24+02","2022-07-23 20:44:53+02",1400,1658601564,1658601893,329,4.25531914893617,9542530724264056.0,9542859984174584.0,204.1389571428588,323.76,109.43,67.7131612279798,4585.072203486387,60272,0,0,1400,1,"4000000-sawtoothConfiguration-sb-createAccount-40-flalv-rn-1-hetzner-repid-6-sawtooth-rl-200-notpbpc-100-nobpc-1-maxbtperbl-100000-notppc-100-cpbftbpd-1","client-10000000-0-0-24-0-0-6399"
"2022-07-19 21:00:11+02","2022-07-19 21:05:20+02",17211,1658257211,1658257520,309,55.699029126213595,9198183175792644.0,9198491563407252.0,16.99120852942883,25.2,7,4.562015556970912,20.811985942044615,0,0,0,17211,1,"4000000-quorumConfiguration-sb-createAccount-40-flalv-rn-1-hetzner-repid-4-quorum-rl-400-ib-5","client-40000000-3-75-99-3-19200-25599"
"2022-07-24 11:10:18+02","2022-07-24 11:15:48+02",1200,1658653818,1658654148,330,3.6363636363636362,9594790163691224.0,9595119541478292.0,183.64152500000048,324.88,5.73,94.91254667335126,9008.39151602108,60463,0,0,1200,1,"4000000-sawtoothConfiguration-sb-createAccount-40-flalv-rn-1-hetzner-repid-5-sawtooth-rl-200-notpbpc-100-nobpc-1-maxbtperbl-100000-notppc-100-cpbftbpd-10","client-20000000-1-25-49-1-6400-12799"
"2022-07-24 11:10:18+02","2022-07-24 11:15:48+02",1300,1658653818,1658654148,330,3.9393939393939394,9594785161025144.0,9595114798481772.0,191.99481538461376,324.64,99.22,69.00120198914955,4761.165875947417,60392,0,0,1300,1,"4000000-sawtoothConfiguration-sb-createAccount-40-flalv-rn-1-hetzner-repid-5-sawtooth-rl-200-notpbpc-100-nobpc-1-maxbtperbl-100000-notppc-100-cpbftbpd-10","client-10000000-0-0-24-0-0-6399"
"2022-07-19 10:45:54+02","2022-07-19 10:51:04+02",30038,1658220354,1658220664,310,96.89677419354838,9161325930357982.0,9161635912592184.0,1.2172111991477423,10.2,0.52,0.47437475059999784,0.22503140400681015,0,0,0,30038,1,"4000000-fabricConfiguration-sb-createAccount-40-flalv-rn-1-hetzner-repid-4-fabric-rl-100-mm-500","client-40000000-3-75-99-3-19200-25599"
"2022-07-19 12:27:38+02","2022-07-19 12:32:47+02",30051,1658226458,1658226767,309,97.25242718446601,9167429610871180.0,9167739071270920.0,4.07910818275596,10.44,1.37,1.4500554387164064,2.10266077535103,63,0,0,30051,1,"4000000-fabricConfiguration-sb-balance-40-flalv-rn-1-hetzner-repid-4-fabric-rl-100-mm-2000","client-20000000-1-25-49-1-6400-12799"
"2022-07-18 15:26:50+02","2022-07-18 15:31:52+02",3026,1658150810,1658151112,302,10.019867549668874,9091776830642428.0,9092078517272288.0,0.3394448116325164,3.84,0.14,0.48812187452648975,0.2382629643912542,0,0,0,3026,1,"4000000-cordaConfiguration-donothing-doNothing-40-flalv-rn-1-hetzner-repid-4-cordaenterprise-rl-10","client-30000000-2-50-74-2-12800-19199"
"2022-07-18 16:16:01+02","2022-07-18 16:21:03+02",3026,1658153761,1658154063,302,10.019867549668874,9094732958318590.0,9095034638660424.0,0.3684302709848019,5.09,0.14,0.5982526191278078,0.3579061962932819,0,0,0,3026,1,"4000000-cordaConfiguration-sb-createAccount-40-flalv-rn-1-hetzner-repid-4-cordaenterprise-rl-10","client-20000000-1-25-49-1-6400-12799"
